original_filename,pathology_id,label,set,missing_modality,lymph_node_label,vascular_thrombus,perineural_invasion
1829096_A2.h5,1829096,1,train,0,-1,0,0
1304691B.h5,1304691,0,train,0,1,1,0
1831442_A4.h5,1831442,1,train,0,-1,0,1
1303689A1.h5,1303689,1,train,0,1,0,1
1300596B.h5,1300596,0,train,0,0,0,0
1905614_B.h5,1905614,0,train,0,1,1,1
1301759B.h5,1301759,0,train,0,1,1,1
1816513_B.h5,1816513,0,train,0,-1,0,0
1300596A2.h5,1300596,1,train,0,0,0,0
1308187A1.h5,1308187,1,train,0,1,1,1
1917478_A1.h5,1917478,1,train,0,1,1,1
1912254_A1.h5,1912254,1,train,0,0,0,0
1915220.h5,1915220,0,train,0,1,1,1
1831823_B.h5,1831823,0,train,0,-1,0,0
1918160_B.h5,1918160,0,train,0,1,1,1
1309915A1.h5,1309915,1,train,0,0,1,1
1308846B.h5,1308846,0,train,0,0,1,0
1306423B.h5,1306423,0,train,0,1,0,0
1819618_A1.h5,1819618,1,train,0,-1,0,1
1307492B.h5,1307492,0,train,0,1,1,1
1313688A1.h5,1313688,1,train,0,0,0,0
1821855_A1.h5,1821855,1,train,0,1,0,0
1828284_B.h5,1828284,0,train,0,-1,0,0
1303690B.h5,1303690,0,train,0,1,0,1
1906977_B.h5,1906977,0,train,0,1,1,1
1905946_A2.h5,1905946,1,train,0,0,0,0
1309365C.h5,1309365,0,train,0,1,0,0
1300137A1.h5,1300137,1,train,0,1,0,0
1914116_A2.h5,1914116,1,train,0,1,1,1
1310858B.h5,1310858,0,train,0,0,0,1
1309915B.h5,1309915,0,train,0,0,1,1
1824268_B.h5,1824268,0,train,0,1,1,1
1831700_B.h5,1831700,0,train,0,1,1,0
1917450_A2.h5,1917450,1,train,0,1,0,1
1912253_A1.h5,1912253,1,train,0,1,1,1
1310858A1.h5,1310858,1,train,0,0,0,1
1308907B.h5,1308907,0,train,0,1,1,1
1823249_A2.h5,1823249,1,train,0,-1,0,0
1919659_B.h5,1919659,0,train,0,1,0,1
1313084B.h5,1313084,0,train,0,1,0,0
1829096_B.h5,1829096,0,train,0,-1,0,0
1823837_A1.h5,1823837,1,train,0,1,1,0
1919181_B.h5,1919181,0,train,0,1,1,1
1307549B1.h5,1307549,0,train,0,0,1,1
1832050_A2.h5,1832050,1,train,0,1,1,1
1820016_B.h5,1820016,0,train,0,-1,0,0
1307067B2.h5,1307067,0,train,0,1,1,1
1819646_B1.h5,1819646,0,train,0,-1,0,0
1824967_B.h5,1824967,0,train,0,1,1,1
1300960A1.h5,1300960,1,train,0,0,0,0
1312399B.h5,1312399,0,train,0,1,1,0
1916525_B.h5,1916525,0,train,0,1,1,1
1821855_B.h5,1821855,0,train,0,1,0,0
1919181_A1.h5,1919181,1,train,0,1,1,1
1311840B.h5,1311840,0,train,0,1,1,0
1312502A1.h5,1312502,1,train,0,1,0,0
1823112_B.h5,1823112,0,train,0,1,1,1
1909653_B.h5,1909653,0,train,0,1,1,0
1906461_A2.h5,1906461,1,train,0,0,0,0
1308907A1.h5,1308907,1,train,0,1,1,1
1832050_B.h5,1832050,0,train,0,1,1,1
1916525_A1.h5,1916525,1,train,0,1,1,1
1306423A1.h5,1306423,1,train,0,1,0,0
1827321_A1.h5,1827321,1,train,0,-1,1,0
1313687B1.h5,1313687,0,train,0,1,0,0
1824412_A3.h5,1824412,1,train,0,1,0,1
1917875_B.h5,1917875,0,train,0,0,0,0
1306745B.h5,1306745,0,train,0,1,0,0
1828568_B.h5,1828568,0,train,0,1,0,1
1909653_A2.h5,1909653,1,train,0,1,1,0
1312399A1.h5,1312399,1,train,0,1,1,0
1313687A2.h5,1313687,1,train,0,1,0,0
1819618_B.h5,1819618,0,train,0,-1,0,1
1312502B.h5,1312502,0,train,0,1,0,0
1313839A2.h5,1313839,1,train,0,0,0,0
1914400_B.h5,1914400,0,train,0,1,0,1
1304691A1.h5,1304691,1,train,0,1,1,0
1302810A1.h5,1302810,1,train,0,1,0,1
1822123_A1.h5,1822123,1,train,0,1,1,1
1822684_A2.h5,1822684,1,train,0,1,1,1
1822684_B.h5,1822684,0,train,0,1,1,1
1823367_A2.h5,1823367,1,train,0,-1,0,0
1906635_A2.h5,1906635,1,train,0,1,1,0
1824967_A2.h5,1824967,1,train,0,1,1,1
1912252_B.h5,1912252,0,train,0,0,0,0
1824128_A2.h5,1824128,1,train,0,-1,1,1
1306428A1.h5,1306428,1,train,0,1,1,1
1302735A1.h5,1302735,1,train,0,0,0,1
1816514_B.h5,1816514,0,train,0,-1,1,1
1816513_A1.h5,1816513,1,train,0,-1,0,0
1816514_A1.h5,1816514,1,train,0,-1,1,1
1914118_A2.h5,1914118,1,train,0,1,1,0
1302735B.h5,1302735,0,train,0,0,0,1
1308585A1.h5,1308585,1,train,0,1,0,0
1820016_A.h5,1820016,1,train,0,-1,0,0
1822550_C.h5,1822550,0,train,0,-1,1,1
1914400_A1.h5,1914400,1,train,0,1,0,1
1301909A1.h5,1301909,1,train,0,1,1,1
1303689B.h5,1303689,0,train,0,1,0,1
1824412_C.h5,1824412,0,train,0,1,0,1
1916050_B.h5,1916050,0,train,0,1,1,1
1919516_A1.h5,1919516,1,train,0,1,1,1
1309365A1.h5,1309365,1,train,0,1,0,0
1307492A1.h5,1307492,1,train,0,1,1,1
1917450_B.h5,1917450,0,train,0,1,0,1
1310482A1.h5,1310482,1,train,0,1,0,1
1828967_A1.h5,1828967,1,train,0,1,0,0
1912252_A1.h5,1912252,1,train,0,0,0,0
1307067A1.h5,1307067,1,train,0,1,1,1
1917875_A1.h5,1917875,1,train,0,0,0,0
1905946_B.h5,1905946,0,train,0,0,0,0
1911505_A1.h5,1911505,1,train,0,1,1,0
1306428C.h5,1306428,0,train,0,1,1,1
1912253_B.h5,1912253,0,train,0,1,1,1
1313084A1.h5,1313084,1,train,0,1,0,0
1829235_B.h5,1829235,0,train,0,1,1,1
1911505_B2.h5,1911505,0,train,0,1,1,0
1831203_B1.h5,1831203,0,train,0,1,1,1
1914118.h5,1914118,0,train,0,1,1,0
1919659_A1.h5,1919659,1,train,0,1,0,1
1311840A1.h5,1311840,1,train,0,1,1,0
1831203_A2.h5,1831203,1,train,0,1,1,1
1816357_A3.h5,1816357,1,train,0,-1,0,0
1919662_A3.h5,1919662,1,train,0,0,0,0
1824268_A1.h5,1824268,1,train,0,1,1,1
1307876A1.h5,1307876,1,train,0,0,0,0
1906977_A1.h5,1906977,1,train,0,1,1,1
1304269A1.h5,1304269,1,train,0,0,0,0
1921033_A2.h5,1921033,1,train,0,1,1,1
1831823_A1.h5,1831823,1,val,0,-1,0,0
1906461_B.h5,1906461,0,val,0,0,0,0
1921712_B.h5,1921712,0,val,0,1,0,1
1921712_A1.h5,1921712,1,val,0,1,0,1
1828568_A1.h5,1828568,1,val,0,1,0,1
1300137B.h5,1300137,0,val,0,1,0,0
1816357_B.h5,1816357,0,val,0,-1,0,0
1905310_A1.h5,1905310,1,val,0,1,1,1
1313688B1.h5,1313688,0,val,0,0,0,0
1823249_C.h5,1823249,0,val,0,-1,0,0
1819646_A1.h5,1819646,1,val,0,-1,0,0
1828967_B.h5,1828967,0,val,0,1,0,0
1313671A2.h5,1313671,1,val,0,1,0,0
1916050_A1.h5,1916050,1,val,0,1,1,1
1906635_C.h5,1906635,0,val,0,1,1,0
1823367_B1.h5,1823367,0,val,0,-1,0,0
1823112_A1.h5,1823112,1,val,0,1,1,1
1912254_B.h5,1912254,0,val,0,0,0,0
1824128_B.h5,1824128,0,val,0,-1,1,1
1301677A1.h5,1301677,1,val,0,0,0,0
1827321_B.h5,1827321,0,val,0,-1,1,0
1310482B.h5,1310482,0,val,0,1,0,1
1831700_A2.h5,1831700,1,val,0,1,1,0
1822550_A3.h5,1822550,1,val,0,-1,1,1
1301022A1.h5,1301022,1,val,0,1,0,1
1308187B.h5,1308187,0,val,0,1,1,1
1307549A1.h5,1307549,1,val,0,0,1,1
1302810C.h5,1302810,0,val,0,1,0,1
1831442_B.h5,1831442,0,val,0,-1,0,1
1917478_B2.h5,1917478,0,val,0,1,1,1
1308846A1.h5,1308846,1,val,0,0,1,0
1302161A1.h5,1302161,1,val,0,1,0,0
1301022B.h5,1301022,0,val,0,1,0,1
1301909B.h5,1301909,0,val,0,1,1,1
1303690A1.h5,1303690,1,val,0,1,0,1
1302161C.h5,1302161,0,val,0,1,0,0
1919516_B1.h5,1919516,0,val,0,1,1,1
1919662_B.h5,1919662,0,val,0,0,0,0
1921032_B.h5,1921032,0,val,0,1,0,1
1905614_A2.h5,1905614,1,val,0,1,1,1
1300960C.h5,1300960,0,val,0,0,0,0
1307876B.h5,1307876,0,val,0,0,0,0
1902627_A3.h5,1902627,1,val,0,0,1,0
1311012B.h5,1311012,0,val,0,1,0,0
1301677B.h5,1301677,0,val,0,0,0,0
1313839B.h5,1313839,0,val,0,0,0,0
1902627_B.h5,1902627,0,val,0,0,1,0
1311012A1.h5,1311012,1,val,0,1,0,0
1822123_B1.h5,1822123,0,val,0,1,1,1
1301759A2.h5,1301759,1,val,0,1,1,1
1306745A1.h5,1306745,1,val,0,1,0,0
1914116_B1.h5,1914116,0,val,0,1,1,1
1304269B.h5,1304269,0,val,0,0,0,0
1917716_A1.h5,1917716,1,val,0,1,1,1
1823837_B.h5,1823837,0,val,0,1,1,0
1918160_A2.h5,1918160,1,val,0,1,1,1
